{
	"user": {
		"username": "desgin",
		"image": {
			"url": "/images/281382934_503999271466027_5797939277652543950_n.jpg",
			"size": 32,
			"alt": "profile image"
		},
		"verified": true
	},
	"posts": [
		{
			"id": "CvFL0Ypxc1v",
			"image": {
				"url": "/images/361812556_1008444550569120_6537405527802283954_n.jpg",
				"size": 600,
				"alt": "post image"
			},
			"metadata": {
				"likes": 1940,
				"shares": 1940
			},
			"timestamp": "2023-07-24T14:00:00",
			"updated": "2023-07-24T14:00:00",
			"comments": [
				{
					"id": 0,
					"content": "🌬️For @noe_kuremoto_ceramics (Noe Kuremoto), working with clay is elemental. “I use the best tool in the world — my hands plus water and fire,” she says. Her pieces balance simplicity with sophistication, a duality that goes back to her first encounters with clay as a child in her fathers art studio.",
					"user": {
						"username": "desgin",
						"image": {
							"url": "/images/281382934_503999271466027_5797939277652543950_n.jpg",
							"size": 32,
							"alt": "profile image"
						},
						"verified": true
					},
					"metadata": {
						"likes": 5,
						"shares": 5
					}
				},
				{
					"id": 1,
					"content": "❤️❤️!",
					"user": {
						"username": "za.mani3451",
						"image": {
							"url": "/images/351023687_950695772644219_8186276689065200584_n.jpg",
							"size": 32,
							"alt": "profile image"
						},
						"verified": false
					},
					"metadata": {
						"likes": 4,
						"shares": 4
					}
				},
				{
					"id": 2,
					"content": "🔥",
					"user": {
						"username": "soyequino",
						"image": {
							"url": "/images/315989822_543367107632758_3069801123186673730_n.jpg",
							"size": 32,
							"alt": "profile image"
						},
						"verified": false
					},
					"metadata": {
						"likes": 3,
						"shares": 1
					}
				},
				{
					"id": 3,
					"content": "Fine, work!",
					"user": {
						"username": "shaahinmatin",
						"image": {
							"url": "/images/67950871_2304380639639062_426377522486181888_n.jpg",
							"size": 32,
							"alt": "profile image"
						},
						"verified": false
					},
					"metadata": {
						"likes": 2,
						"shares": 1
					}
				},
				{
					"id": 4,
					"content": "Fabulous",
					"user": {
						"username": "punkodelish",
						"image": {
							"url": "/images/240588434_364811781895646_3068399190664655971_n.jpg",
							"size": 32,
							"alt": "profile image"
						},
						"verified": true
					},
					"metadata": {
						"likes": 3,
						"shares": 0
					}
				}
			]
		}
	]
}
