[
    {
        "marca": "2023-02-06T19:01:06.220Z",
        "correo_alumno": "juan.martinez.g@uni.pe",
        "apellidos_alumno": "Martínez",
        "nombres_alumno": "Juan Carlos",
        "codigo_alumno": "20201001J",
        "celular_alumno": "987654321",
        "nombre_curso": "Algebra Lineal I",
        "codigo_curso": "CM1B2",
        "seccion_curso": "A - Ciclo Verano",
        "profesor_teoria": "Frank Navarro Rojas",
        "profesor_practica": "Frank Navarro Rojas"
    },
    {
        "marca": "2023-02-06T19:26:01.458Z",
        "correo_alumno": "maria.rodriguez.g@uni.pe",
        "apellidos_alumno": "Rodríguez",
        "nombres_alumno": "María Fernanda",
        "codigo_alumno": "20201002M",
        "celular_alumno": "987654321",
        "nombre_curso": "Matemática Discreta",
        "codigo_curso": "CM2H1",
        "seccion_curso": "A",
        "profesor_teoria": "Ronald Mas Huamán",
        "profesor_practica": "Ronald Mas Huamán"
    },
    {
        "marca": "2023-03-07T17:48:08.527Z",
        "correo_alumno": "nicolas.rojas.m@uni.pe",
        "apellidos_alumno": "Rojas",
        "nombres_alumno": "Nicolas Guillermo",
        "codigo_alumno": "20201003N",
        "celular_alumno": "987654321",
        "nombre_curso": "Introducción a las ecuaciones difrenciales ordinarias",
        "codigo_curso": "CM2G2",
        "seccion_curso": "A",
        "profesor_teoria": "Roger Metzger",
        "profesor_practica": "Andrés Chulluncuy"
    },
    {
        "marca": "2023-03-14T19:54:51.996Z",
        "correo_alumno": "david.aguirre.h@uni.pe",
        "apellidos_alumno": "Aguirre",
        "nombres_alumno": "David Rolando",
        "codigo_alumno": "20201004D",
        "celular_alumno": "987654321",
        "nombre_curso": "Cálculo Diferencial e Integral Avanzado",
        "codigo_curso": "CM2A1",
        "seccion_curso": "B",
        "profesor_teoria": "Fidel Jara",
        "profesor_practica": "Jorge Sulca"
    },
    {
        "marca": "2023-03-23T00:42:15.560Z",
        "correo_alumno": "jhonatan.carbajal.s@uni.pe",
        "apellidos_alumno": "Carbajal",
        "nombres_alumno": "Jhonatan Joel",
        "codigo_alumno": "20201005J",
        "celular_alumno": "987654321",
        "nombre_curso": "Análisis en Rn",
        "codigo_curso": "CM3C1",
        "seccion_curso": "A",
        "profesor_teoria": "Manuel Toribio",
        "profesor_practica": "Benito Ostos"
    },
    {
        "marca": "2023-03-24T17:24:39.566Z",
        "correo_alumno": "adan.salvador.l@uni.pe",
        "apellidos_alumno": "Salvador",
        "nombres_alumno": "Adan Edhilson",
        "codigo_alumno": "20201006A",
        "celular_alumno": "987654321",
        "nombre_curso": "Teoría de la medida",
        "codigo_curso": "CM3C2",
        "seccion_curso": "A",
        "profesor_teoria": "Jorge Enrique Mayta Guillermo",
        "profesor_practica": "Jorge Enrique Mayta Guillermo"
    },
    {
        "marca": "2023-03-27T14:29:56.753Z",
        "correo_alumno": "juan.reymundo.p@uni.pe",
        "apellidos_alumno": "Reymundo",
        "nombres_alumno": "Juan Pablo",
        "codigo_alumno": "20201007J",
        "celular_alumno": "987654321",
        "nombre_curso": "Cálculo Integral",
        "codigo_curso": "BMA02",
        "seccion_curso": "A",
        "profesor_teoria": "Caytuiro Sandoval David Paul",
        "profesor_practica": "Juan Aurelio Cribillero Aching"
    },
    {
        "marca": "2023-03-27T23:45:53.838Z",
        "correo_alumno": "ricardo.carrasco.p@uni.pe",
        "apellidos_alumno": "Carrasco",
        "nombres_alumno": "Ricardo Manlio",
        "codigo_alumno": "20201008R",
        "celular_alumno": "987654321",
        "nombre_curso": "Cálculo Integral",
        "codigo_curso": "BMA02",
        "seccion_curso": "C",
        "profesor_teoria": "Juan Aurelio Cribillero Aching",
        "profesor_practica": "Ernesto Ore Albornoz"
    },
    {
        "marca": "2023-03-28T00:53:00.650Z",
        "correo_alumno": "edwin.uchupe.p@uni.pe",
        "apellidos_alumno": "Uchupe Palacios",
        "nombres_alumno": "Edwin Javier",
        "codigo_alumno": "20201009E",
        "celular_alumno": "987654321",
        "nombre_curso": "Cálculo de probabilidades",
        "codigo_curso": "CM1H2",
        "seccion_curso": "A",
        "profesor_teoria": "José Ugarte",
        "profesor_practica": "José Fernando Zamudio Peves"
    },
    {
        "marca": "2023-03-28T22:04:01.493Z",
        "correo_alumno": "junior.micha.v@uni.pe",
        "apellidos_alumno": "Micha Vega",
        "nombres_alumno": "Junior Pedro",
        "codigo_alumno": "20201010J",
        "celular_alumno": "987654321",
        "nombre_curso": "Ecuaciones diferenciales ordinarias",
        "codigo_curso": "CM-3G2",
        "seccion_curso": "A",
        "profesor_teoria": "NN",
        "profesor_practica": "NN"
    },
    {
        "marca": "2023-03-30T18:44:48.197Z",
        "correo_alumno": "jose.rivera.h@uni.pe",
        "apellidos_alumno": "Rivera",
        "nombres_alumno": "Jose Miguel",
        "codigo_alumno": "20201011J",
        "celular_alumno": "987654321",
        "nombre_curso": "Estadística Inferencial",
        "codigo_curso": "CM2H2",
        "seccion_curso": "B",
        "profesor_teoria": "José Luis Ugarte Chamorro",
        "profesor_practica": "José Fernando Zamudio Peves"
    },
    {
        "marca": "2023-04-03T20:04:51.614Z",
        "correo_alumno": "james.ventura.e@uni.pe",
        "apellidos_alumno": "Ventura",
        "nombres_alumno": "James Jeanpierre",
        "codigo_alumno": "20201012J",
        "celular_alumno": "987654321",
        "nombre_curso": "Introducción a los procesos estocasticos",
        "codigo_curso": "CM5H1",
        "seccion_curso": "A",
        "profesor_teoria": "William Carlos Echegaray Castillo",
        "profesor_practica": "William Carlos Echegaray Castillo"
    }
]
